{"min_x": 12929759.968833633, "min_y": 4829679.189776842, "max_x": 12979852.626495698, "max_y": 4880484.665662283}